국가,대륙,인원 수,국기  
가나,아프리카,8,https://upload.wikimedia.org/wikipedia/commons/thumb/1/19/Flag_of_Ghana.svg/22px-Flag_of_Ghana.svg.png
가봉,아프리카,5,https://upload.wikimedia.org/wikipedia/commons/thumb/0/04/Flag_of_Gabon.svg/22px-Flag_of_Gabon.svg.png
가이아나,남아메리카,5,https://upload.wikimedia.org/wikipedia/commons/thumb/9/99/Flag_of_Guyana.svg/22px-Flag_of_Guyana.svg.png
감비아,아프리카,7,https://upload.wikimedia.org/wikipedia/commons/thumb/7/77/Flag_of_The_Gambia.svg/22px-Flag_of_The_Gambia.svg.png
개인 중립 선수단,기타,32,https://upload.wikimedia.org/wikipedia/commons/thumb/0/0c/Flag_of_the_Individual_Neutral_Athletes_at_the_2024_Summer_Olympics.svg/22px-Flag_of_the_Individual_Neutral_Athletes_at_the_2024_Summer_Olympics.svg.png
과테말라,북아메리카,16,https://upload.wikimedia.org/wikipedia/commons/thumb/e/ec/Flag_of_Guatemala.svg/22px-Flag_of_Guatemala.svg.png
괌,오세아니아,8,https://upload.wikimedia.org/wikipedia/commons/thumb/0/07/Flag_of_Guam.svg/22px-Flag_of_Guam.svg.png
그레나다,북아메리카,6,https://upload.wikimedia.org/wikipedia/commons/thumb/b/bc/Flag_of_Grenada.svg/22px-Flag_of_Grenada.svg.png
그리스,유럽,100,https://upload.wikimedia.org/wikipedia/commons/thumb/5/5c/Flag_of_Greece.svg/22px-Flag_of_Greece.svg.png
기니,아프리카,24,https://upload.wikimedia.org/wikipedia/commons/thumb/e/ed/Flag_of_Guinea.svg/22px-Flag_of_Guinea.svg.png
기니비사우,아프리카,6,https://upload.wikimedia.org/wikipedia/commons/thumb/0/01/Flag_of_Guinea-Bissau.svg/22px-Flag_of_Guinea-Bissau.svg.png
나미비아,아프리카,4,https://upload.wikimedia.org/wikipedia/commons/thumb/0/00/Flag_of_Namibia.svg/22px-Flag_of_Namibia.svg.png
나우루,오세아니아,1,https://upload.wikimedia.org/wikipedia/commons/thumb/3/30/Flag_of_Nauru.svg/22px-Flag_of_Nauru.svg.png
나이지리아,아프리카,88,https://upload.wikimedia.org/wikipedia/commons/thumb/7/79/Flag_of_Nigeria.svg/22px-Flag_of_Nigeria.svg.png
난민 올림픽 대표팀,기타,37,https://upload.wikimedia.org/wikipedia/commons/thumb/a/a7/Olympic_flag.svg/22px-Olympic_flag.svg.png
남수단,아프리카,14,https://upload.wikimedia.org/wikipedia/commons/thumb/7/7a/Flag_of_South_Sudan.svg/22px-Flag_of_South_Sudan.svg.png
남아프리카공화국,아프리카,149,https://upload.wikimedia.org/wikipedia/commons/thumb/a/af/Flag_of_South_Africa.svg/22px-Flag_of_South_Africa.svg.png
네덜란드,유럽,258,https://upload.wikimedia.org/wikipedia/commons/thumb/2/20/Flag_of_the_Netherlands.svg/22px-Flag_of_the_Netherlands.svg.png
네팔,아시아,7,https://upload.wikimedia.org/wikipedia/commons/thumb/9/9b/Flag_of_Nepal.svg/16px-Flag_of_Nepal.svg.png
노르웨이,유럽,107,https://upload.wikimedia.org/wikipedia/commons/thumb/d/d9/Flag_of_Norway.svg/22px-Flag_of_Norway.svg.png
뉴질랜드,오세아니아,195,https://upload.wikimedia.org/wikipedia/commons/thumb/3/3e/Flag_of_New_Zealand.svg/22px-Flag_of_New_Zealand.svg.png
니제르,아프리카,7,https://upload.wikimedia.org/wikipedia/commons/thumb/f/f4/Flag_of_Niger.svg/22px-Flag_of_Niger.svg.png
니카라과,북아메리카,7,https://upload.wikimedia.org/wikipedia/commons/thumb/1/19/Flag_of_Nicaragua.svg/22px-Flag_of_Nicaragua.svg.png
대한민국,아시아,141,https://upload.wikimedia.org/wikipedia/commons/thumb/0/09/Flag_of_South_Korea.svg/22px-Flag_of_South_Korea.svg.png
덴마크,유럽,124,https://upload.wikimedia.org/wikipedia/commons/thumb/9/9c/Flag_of_Denmark.svg/22px-Flag_of_Denmark.svg.png
도미니카,북아메리카,4,https://upload.wikimedia.org/wikipedia/commons/thumb/c/c4/Flag_of_Dominica.svg/22px-Flag_of_Dominica.svg.png
도미니카공화국,북아메리카,58,https://upload.wikimedia.org/wikipedia/commons/thumb/9/9f/Flag_of_the_Dominican_Republic.svg/22px-Flag_of_the_Dominican_Republic.svg.png
독일,유럽,428,https://upload.wikimedia.org/wikipedia/en/thumb/b/ba/Flag_of_Germany.svg/22px-Flag_of_Germany.svg.png
동티모르,아시아,4,https://upload.wikimedia.org/wikipedia/commons/thumb/2/26/Flag_of_East_Timor.svg/22px-Flag_of_East_Timor.svg.png
라오스,아시아,4,https://upload.wikimedia.org/wikipedia/commons/thumb/5/56/Flag_of_Laos.svg/22px-Flag_of_Laos.svg.png
라이베리아,아프리카,8,https://upload.wikimedia.org/wikipedia/commons/thumb/b/b8/Flag_of_Liberia.svg/22px-Flag_of_Liberia.svg.png
라트비아,유럽,29,https://upload.wikimedia.org/wikipedia/commons/thumb/3/34/Flag_of_Latvia_%283-2%29.svg/22px-Flag_of_Latvia_%283-2%29.svg.png
레바논,아시아,10,https://upload.wikimedia.org/wikipedia/commons/thumb/5/59/Flag_of_Lebanon.svg/22px-Flag_of_Lebanon.svg.png
레소토,아프리카,3,https://upload.wikimedia.org/wikipedia/commons/thumb/4/4a/Flag_of_Lesotho.svg/22px-Flag_of_Lesotho.svg.png
루마니아,유럽,107,https://upload.wikimedia.org/wikipedia/commons/thumb/7/73/Flag_of_Romania.svg/22px-Flag_of_Romania.svg.png
룩셈부르크,유럽,14,https://upload.wikimedia.org/wikipedia/commons/thumb/d/da/Flag_of_Luxembourg.svg/22px-Flag_of_Luxembourg.svg.png
르완다,아프리카,8,https://upload.wikimedia.org/wikipedia/commons/thumb/1/17/Flag_of_Rwanda.svg/22px-Flag_of_Rwanda.svg.png
리비아,아프리카,6,https://upload.wikimedia.org/wikipedia/commons/thumb/0/05/Flag_of_Libya.svg/22px-Flag_of_Libya.svg.png
리투아니아,유럽,50,https://upload.wikimedia.org/wikipedia/commons/thumb/1/11/Flag_of_Lithuania.svg/22px-Flag_of_Lithuania.svg.png
리히텐슈타인,유럽,1,https://upload.wikimedia.org/wikipedia/commons/thumb/4/47/Flag_of_Liechtenstein.svg/22px-Flag_of_Liechtenstein.svg.png
마다가스카르,아프리카,7,https://upload.wikimedia.org/wikipedia/commons/thumb/b/bc/Flag_of_Madagascar.svg/22px-Flag_of_Madagascar.svg.png
마셜 제도,오세아니아,4,https://upload.wikimedia.org/wikipedia/commons/thumb/2/2e/Flag_of_the_Marshall_Islands.svg/22px-Flag_of_the_Marshall_Islands.svg.png
말라위,아프리카,3,https://upload.wikimedia.org/wikipedia/commons/thumb/d/d1/Flag_of_Malawi.svg/22px-Flag_of_Malawi.svg.png
말레이시아,아시아,26,https://upload.wikimedia.org/wikipedia/commons/thumb/6/66/Flag_of_Malaysia.svg/22px-Flag_of_Malaysia.svg.png
말리,아프리카,23,https://upload.wikimedia.org/wikipedia/commons/thumb/9/92/Flag_of_Mali.svg/22px-Flag_of_Mali.svg.png
멕시코,북아메리카,107,https://upload.wikimedia.org/wikipedia/commons/thumb/f/fc/Flag_of_Mexico.svg/22px-Flag_of_Mexico.svg.png
모나코,유럽,6,https://upload.wikimedia.org/wikipedia/commons/thumb/e/ea/Flag_of_Monaco.svg/22px-Flag_of_Monaco.svg.png
모로코,아프리카,59,https://upload.wikimedia.org/wikipedia/commons/thumb/2/2c/Flag_of_Morocco.svg/22px-Flag_of_Morocco.svg.png
모리셔스,아프리카,13,https://upload.wikimedia.org/wikipedia/commons/thumb/7/77/Flag_of_Mauritius.svg/22px-Flag_of_Mauritius.svg.png
모리타니,아프리카,2,https://upload.wikimedia.org/wikipedia/commons/thumb/4/43/Flag_of_Mauritania.svg/22px-Flag_of_Mauritania.svg.png
모잠비크,아프리카,7,https://upload.wikimedia.org/wikipedia/commons/thumb/d/d0/Flag_of_Mozambique.svg/22px-Flag_of_Mozambique.svg.png
몬테네그로,유럽,19,https://upload.wikimedia.org/wikipedia/commons/thumb/6/64/Flag_of_Montenegro.svg/22px-Flag_of_Montenegro.svg.png
몰도바,유럽,26,https://upload.wikimedia.org/wikipedia/commons/thumb/b/bf/Flag_of_Moldova_%283-2%29.svg/22px-Flag_of_Moldova_%283-2%29.svg.png
몰디브,아시아,5,https://upload.wikimedia.org/wikipedia/commons/thumb/0/0f/Flag_of_Maldives.svg/22px-Flag_of_Maldives.svg.png
몰타,유럽,5,https://upload.wikimedia.org/wikipedia/commons/thumb/7/73/Flag_of_Malta.svg/22px-Flag_of_Malta.svg.png
몽골,아시아,32,https://upload.wikimedia.org/wikipedia/commons/thumb/4/4c/Flag_of_Mongolia.svg/22px-Flag_of_Mongolia.svg.png
미국,북아메리카,592,https://upload.wikimedia.org/wikipedia/en/thumb/a/a4/Flag_of_the_United_States.svg/22px-Flag_of_the_United_States.svg.png
미국령 버진아일랜드,북아메리카,5,https://upload.wikimedia.org/wikipedia/commons/thumb/f/f8/Flag_of_the_United_States_Virgin_Islands.svg/22px-Flag_of_the_United_States_Virgin_Islands.svg.png
미얀마,아시아,2,https://upload.wikimedia.org/wikipedia/commons/thumb/8/8c/Flag_of_Myanmar.svg/22px-Flag_of_Myanmar.svg.png
미크로네시아,오세아니아,3,https://upload.wikimedia.org/wikipedia/commons/thumb/e/e4/Flag_of_the_Federated_States_of_Micronesia.svg/22px-Flag_of_the_Federated_States_of_Micronesia.svg.png
바누아투,오세아니아,6,https://upload.wikimedia.org/wikipedia/commons/thumb/b/bc/Flag_of_Vanuatu.svg/22px-Flag_of_Vanuatu.svg.png
바레인,아시아,13,https://upload.wikimedia.org/wikipedia/commons/thumb/2/2c/Flag_of_Bahrain.svg/22px-Flag_of_Bahrain.svg.png
바베이도스,북아메리카,4,https://upload.wikimedia.org/wikipedia/commons/thumb/e/ef/Flag_of_Barbados.svg/22px-Flag_of_Barbados.svg.png
바하마,북아메리카,18,https://upload.wikimedia.org/wikipedia/commons/thumb/9/93/Flag_of_The_Bahamas.svg/22px-Flag_of_The_Bahamas.svg.png
방글라데시,아시아,5,https://upload.wikimedia.org/wikipedia/commons/thumb/f/f9/Flag_of_Bangladesh.svg/22px-Flag_of_Bangladesh.svg.png
버뮤다,북아메리카,8,https://upload.wikimedia.org/wikipedia/commons/thumb/b/bf/Flag_of_Bermuda.svg/22px-Flag_of_Bermuda.svg.png
베냉,아프리카,5,https://upload.wikimedia.org/wikipedia/commons/thumb/0/0a/Flag_of_Benin.svg/22px-Flag_of_Benin.svg.png
베네수엘라,남아메리카,33,https://upload.wikimedia.org/wikipedia/commons/thumb/7/7b/Flag_of_Venezuela_%28state%29.svg/22px-Flag_of_Venezuela_%28state%29.svg.png
베트남,아시아,16,https://upload.wikimedia.org/wikipedia/commons/thumb/2/21/Flag_of_Vietnam.svg/22px-Flag_of_Vietnam.svg.png
벨기에,유럽,166,https://upload.wikimedia.org/wikipedia/commons/thumb/9/92/Flag_of_Belgium_%28civil%29.svg/22px-Flag_of_Belgium_%28civil%29.svg.png
벨리즈,북아메리카,1,https://upload.wikimedia.org/wikipedia/commons/thumb/e/e7/Flag_of_Belize.svg/22px-Flag_of_Belize.svg.png
보스니아헤르체고비나,유럽,5,https://upload.wikimedia.org/wikipedia/commons/thumb/b/bf/Flag_of_Bosnia_and_Herzegovina.svg/22px-Flag_of_Bosnia_and_Herzegovina.svg.png
보츠와나,아프리카,11,https://upload.wikimedia.org/wikipedia/commons/thumb/f/fa/Flag_of_Botswana.svg/22px-Flag_of_Botswana.svg.png
볼리비아,남아메리카,4,https://upload.wikimedia.org/wikipedia/commons/thumb/4/48/Flag_of_Bolivia.svg/22px-Flag_of_Bolivia.svg.png
부룬디,아프리카,7,https://upload.wikimedia.org/wikipedia/commons/thumb/5/50/Flag_of_Burundi.svg/22px-Flag_of_Burundi.svg.png
부르키나파소,아프리카,8,https://upload.wikimedia.org/wikipedia/commons/thumb/3/31/Flag_of_Burkina_Faso.svg/22px-Flag_of_Burkina_Faso.svg.png
부탄,아시아,3,https://upload.wikimedia.org/wikipedia/commons/thumb/9/91/Flag_of_Bhutan.svg/22px-Flag_of_Bhutan.svg.png
북마케도니아,유럽,7,https://upload.wikimedia.org/wikipedia/commons/thumb/9/9b/Flag_of_North_Macedonia_%283-2%29.svg/22px-Flag_of_North_Macedonia_%283-2%29.svg.png
북한,아시아,15,https://upload.wikimedia.org/wikipedia/commons/thumb/5/51/Flag_of_North_Korea.svg/22px-Flag_of_North_Korea.svg.png
불가리아,유럽,47,https://upload.wikimedia.org/wikipedia/commons/thumb/9/9a/Flag_of_Bulgaria.svg/22px-Flag_of_Bulgaria.svg.png
브라질,남아메리카,274,https://upload.wikimedia.org/wikipedia/en/thumb/0/05/Flag_of_Brazil.svg/22px-Flag_of_Brazil.svg.png
브루나이,아시아,3,https://upload.wikimedia.org/wikipedia/commons/thumb/9/9c/Flag_of_Brunei.svg/22px-Flag_of_Brunei.svg.png
사모아,오세아니아,24,https://upload.wikimedia.org/wikipedia/commons/thumb/3/31/Flag_of_Samoa.svg/22px-Flag_of_Samoa.svg.png
사우디 아라비아,아시아,9,https://upload.wikimedia.org/wikipedia/commons/thumb/0/0d/Flag_of_Saudi_Arabia.svg/22px-Flag_of_Saudi_Arabia.svg.png
산마리노,유럽,5,https://upload.wikimedia.org/wikipedia/commons/thumb/b/b1/Flag_of_San_Marino.svg/22px-Flag_of_San_Marino.svg.png
상투메프린시페,아프리카,3,https://upload.wikimedia.org/wikipedia/commons/thumb/0/0a/Flag_of_S%C3%A3o_Tom%C3%A9_and_Pr%C3%ADncipe.svg/22px-Flag_of_S%C3%A3o_Tom%C3%A9_and_Pr%C3%ADncipe.svg.png
세네갈,아프리카,11,https://upload.wikimedia.org/wikipedia/commons/thumb/f/fd/Flag_of_Senegal.svg/22px-Flag_of_Senegal.svg.png
세르비아,유럽,112,https://upload.wikimedia.org/wikipedia/commons/thumb/f/ff/Flag_of_Serbia.svg/22px-Flag_of_Serbia.svg.png
세이셸,아프리카,3,https://upload.wikimedia.org/wikipedia/commons/thumb/f/fc/Flag_of_Seychelles.svg/22px-Flag_of_Seychelles.svg.png
세인트루시아,북아메리카,4,https://upload.wikimedia.org/wikipedia/commons/thumb/9/9f/Flag_of_Saint_Lucia.svg/22px-Flag_of_Saint_Lucia.svg.png
세인트빈센트그레나딘,북아메리카,4,https://upload.wikimedia.org/wikipedia/commons/thumb/6/6d/Flag_of_Saint_Vincent_and_the_Grenadines.svg/22px-Flag_of_Saint_Vincent_and_the_Grenadines.svg.png
세인트키츠네비스,북아메리카,3,https://upload.wikimedia.org/wikipedia/commons/thumb/f/fe/Flag_of_Saint_Kitts_and_Nevis.svg/22px-Flag_of_Saint_Kitts_and_Nevis.svg.png
소말리아,아프리카,1,https://upload.wikimedia.org/wikipedia/commons/thumb/a/a0/Flag_of_Somalia.svg/22px-Flag_of_Somalia.svg.png
솔로몬 제도,오세아니아,2,https://upload.wikimedia.org/wikipedia/commons/thumb/7/74/Flag_of_the_Solomon_Islands.svg/22px-Flag_of_the_Solomon_Islands.svg.png
수단,아프리카,3,https://upload.wikimedia.org/wikipedia/commons/thumb/0/01/Flag_of_Sudan.svg/22px-Flag_of_Sudan.svg.png
수리남,남아메리카,5,https://upload.wikimedia.org/wikipedia/commons/thumb/6/60/Flag_of_Suriname.svg/22px-Flag_of_Suriname.svg.png
스리랑카,아시아,6,https://upload.wikimedia.org/wikipedia/commons/thumb/1/11/Flag_of_Sri_Lanka.svg/22px-Flag_of_Sri_Lanka.svg.png
스웨덴,유럽,117,https://upload.wikimedia.org/wikipedia/en/thumb/4/4c/Flag_of_Sweden.svg/22px-Flag_of_Sweden.svg.png
스위스,유럽,127,https://upload.wikimedia.org/wikipedia/commons/thumb/9/92/Civil_Ensign_of_Switzerland_%28Pantone%29.svg/22px-Civil_Ensign_of_Switzerland_%28Pantone%29.svg.png
스페인,유럽,382,https://upload.wikimedia.org/wikipedia/en/thumb/9/9a/Flag_of_Spain.svg/22px-Flag_of_Spain.svg.png
슬로바키아,유럽,28,https://upload.wikimedia.org/wikipedia/commons/thumb/e/e6/Flag_of_Slovakia.svg/22px-Flag_of_Slovakia.svg.png
슬로베니아,유럽,90,https://upload.wikimedia.org/wikipedia/commons/thumb/d/d1/Civil_Ensign_of_Slovenia.svg/22px-Civil_Ensign_of_Slovenia.svg.png
시리아,아시아,6,https://upload.wikimedia.org/wikipedia/commons/thumb/5/53/Flag_of_Syria.svg/22px-Flag_of_Syria.svg.png
시에라리온,아프리카,5,https://upload.wikimedia.org/wikipedia/commons/thumb/1/17/Flag_of_Sierra_Leone.svg/22px-Flag_of_Sierra_Leone.svg.png
싱가포르,아시아,23,https://upload.wikimedia.org/wikipedia/commons/thumb/4/48/Flag_of_Singapore.svg/22px-Flag_of_Singapore.svg.png
아랍에미리트,아시아,13,https://upload.wikimedia.org/wikipedia/commons/thumb/c/cb/Flag_of_the_United_Arab_Emirates.svg/22px-Flag_of_the_United_Arab_Emirates.svg.png
아루바,북아메리카,6,https://upload.wikimedia.org/wikipedia/commons/thumb/f/f6/Flag_of_Aruba.svg/22px-Flag_of_Aruba.svg.png
아르메니아,유럽,15,https://upload.wikimedia.org/wikipedia/commons/thumb/2/2f/Flag_of_Armenia.svg/22px-Flag_of_Armenia.svg.png
아르헨티나,남아메리카,136,https://upload.wikimedia.org/wikipedia/commons/thumb/1/1a/Flag_of_Argentina.svg/22px-Flag_of_Argentina.svg.png
아메리칸사모아,오세아니아,2,https://upload.wikimedia.org/wikipedia/commons/thumb/8/87/Flag_of_American_Samoa.svg/22px-Flag_of_American_Samoa.svg.png
아이슬란드,유럽,5,https://upload.wikimedia.org/wikipedia/commons/thumb/c/ce/Flag_of_Iceland.svg/22px-Flag_of_Iceland.svg.png
아이티,북아메리카,7,https://upload.wikimedia.org/wikipedia/commons/thumb/5/56/Flag_of_Haiti.svg/22px-Flag_of_Haiti.svg.png
아일랜드,유럽,134,https://upload.wikimedia.org/wikipedia/commons/thumb/4/45/Flag_of_Ireland.svg/22px-Flag_of_Ireland.svg.png
아제르바이잔,유럽,47,https://upload.wikimedia.org/wikipedia/commons/thumb/d/dd/Flag_of_Azerbaijan.svg/22px-Flag_of_Azerbaijan.svg.png
아프가니스탄,아시아,6,https://upload.wikimedia.org/wikipedia/commons/thumb/c/cd/Flag_of_Afghanistan_%282013%E2%80%932021%29.svg/22px-Flag_of_Afghanistan_%282013%E2%80%932021%29.svg.png
안도라,유럽,2,https://upload.wikimedia.org/wikipedia/commons/thumb/1/19/Flag_of_Andorra.svg/22px-Flag_of_Andorra.svg.png
알바니아,유럽,8,https://upload.wikimedia.org/wikipedia/commons/thumb/3/36/Flag_of_Albania.svg/22px-Flag_of_Albania.svg.png
알제리,아프리카,45,https://upload.wikimedia.org/wikipedia/commons/thumb/7/77/Flag_of_Algeria.svg/22px-Flag_of_Algeria.svg.png
앙골라,아프리카,24,https://upload.wikimedia.org/wikipedia/commons/thumb/9/9d/Flag_of_Angola.svg/22px-Flag_of_Angola.svg.png
앤티가바부다,북아메리카,5,https://upload.wikimedia.org/wikipedia/commons/thumb/8/89/Flag_of_Antigua_and_Barbuda.svg/22px-Flag_of_Antigua_and_Barbuda.svg.png
에리트레아,아프리카,12,https://upload.wikimedia.org/wikipedia/commons/thumb/2/29/Flag_of_Eritrea.svg/22px-Flag_of_Eritrea.svg.png
에스와티니,아프리카,3,https://upload.wikimedia.org/wikipedia/commons/thumb/f/fb/Flag_of_Eswatini.svg/22px-Flag_of_Eswatini.svg.png
에스토니아,유럽,24,https://upload.wikimedia.org/wikipedia/commons/thumb/8/8f/Flag_of_Estonia.svg/22px-Flag_of_Estonia.svg.png
에콰도르,남아메리카,40,https://upload.wikimedia.org/wikipedia/commons/thumb/e/e8/Flag_of_Ecuador.svg/22px-Flag_of_Ecuador.svg.png
에티오피아,아프리카,34,https://upload.wikimedia.org/wikipedia/commons/thumb/7/71/Flag_of_Ethiopia.svg/22px-Flag_of_Ethiopia.svg.png
엘살바도르,북아메리카,8,https://upload.wikimedia.org/wikipedia/commons/thumb/3/34/Flag_of_El_Salvador.svg/22px-Flag_of_El_Salvador.svg.png
영국,유럽,327,https://upload.wikimedia.org/wikipedia/commons/thumb/2/2e/Flag_of_the_United_Kingdom_%283-2%29.svg/22px-Flag_of_the_United_Kingdom_%283-2%29.svg.png
영국령 버진아일랜드,북아메리카,4,https://upload.wikimedia.org/wikipedia/commons/thumb/4/42/Flag_of_the_British_Virgin_Islands.svg/22px-Flag_of_the_British_Virgin_Islands.svg.png
예멘,아시아,4,https://upload.wikimedia.org/wikipedia/commons/thumb/8/89/Flag_of_Yemen.svg/22px-Flag_of_Yemen.svg.png
오만,아시아,4,https://upload.wikimedia.org/wikipedia/commons/thumb/d/dd/Flag_of_Oman.svg/22px-Flag_of_Oman.svg.png
오스트레일리아,오세아니아,460,https://upload.wikimedia.org/wikipedia/en/thumb/b/b9/Flag_of_Australia.svg/22px-Flag_of_Australia.svg.png
오스트리아,유럽,78,https://upload.wikimedia.org/wikipedia/commons/thumb/4/41/Flag_of_Austria.svg/22px-Flag_of_Austria.svg.png
온두라스,북아메리카,4,https://upload.wikimedia.org/wikipedia/commons/thumb/8/82/Flag_of_Honduras.svg/22px-Flag_of_Honduras.svg.png
요르단,아시아,12,https://upload.wikimedia.org/wikipedia/commons/thumb/0/05/Flag_of_Jordan_%283-2%29.svg/22px-Flag_of_Jordan_%283-2%29.svg.png
우간다,아프리카,24,https://upload.wikimedia.org/wikipedia/commons/thumb/4/4e/Flag_of_Uganda.svg/22px-Flag_of_Uganda.svg.png
우루과이,남아메리카,25,https://upload.wikimedia.org/wikipedia/commons/thumb/f/fe/Flag_of_Uruguay.svg/22px-Flag_of_Uruguay.svg.png
우즈베키스탄,아시아,86,https://upload.wikimedia.org/wikipedia/commons/thumb/0/00/Flag_of_Uzbekistan_%283-2%29.svg/22px-Flag_of_Uzbekistan_%283-2%29.svg.png
우크라이나,유럽,140,https://upload.wikimedia.org/wikipedia/commons/thumb/4/49/Flag_of_Ukraine.svg/22px-Flag_of_Ukraine.svg.png
이라크,아시아,22,https://upload.wikimedia.org/wikipedia/commons/thumb/f/f6/Flag_of_Iraq.svg/22px-Flag_of_Iraq.svg.png
이란,아시아,40,https://upload.wikimedia.org/wikipedia/commons/thumb/c/ca/Flag_of_Iran.svg/22px-Flag_of_Iran.svg.png
이스라엘,유럽,88,https://upload.wikimedia.org/wikipedia/commons/thumb/d/d4/Flag_of_Israel.svg/22px-Flag_of_Israel.svg.png
이집트,아프리카,148,https://upload.wikimedia.org/wikipedia/commons/thumb/f/fe/Flag_of_Egypt.svg/22px-Flag_of_Egypt.svg.png
이탈리아,유럽,372,https://upload.wikimedia.org/wikipedia/en/thumb/0/03/Flag_of_Italy.svg/22px-Flag_of_Italy.svg.png
인도,아시아,112,https://upload.wikimedia.org/wikipedia/en/thumb/4/41/Flag_of_India.svg/22px-Flag_of_India.svg.png
인도네시아,아시아,29,https://upload.wikimedia.org/wikipedia/commons/thumb/9/9f/Flag_of_Indonesia.svg/22px-Flag_of_Indonesia.svg.png
일본,아시아,403,https://upload.wikimedia.org/wikipedia/en/thumb/9/9e/Flag_of_Japan.svg/22px-Flag_of_Japan.svg.png
자메이카,북아메리카,58,https://upload.wikimedia.org/wikipedia/commons/thumb/0/0a/Flag_of_Jamaica.svg/22px-Flag_of_Jamaica.svg.png
잠비아,아프리카,27,https://upload.wikimedia.org/wikipedia/commons/thumb/0/06/Flag_of_Zambia.svg/22px-Flag_of_Zambia.svg.png
적도 기니,아프리카,3,https://upload.wikimedia.org/wikipedia/commons/thumb/3/31/Flag_of_Equatorial_Guinea.svg/22px-Flag_of_Equatorial_Guinea.svg.png
조지아,유럽,28,https://upload.wikimedia.org/wikipedia/commons/thumb/0/0f/Flag_of_Georgia.svg/22px-Flag_of_Georgia.svg.png
중국,아시아,388,https://upload.wikimedia.org/wikipedia/commons/thumb/f/fa/Flag_of_the_People%27s_Republic_of_China.svg/22px-Flag_of_the_People%27s_Republic_of_China.svg.png
중앙아프리카공화국,아프리카,4,https://upload.wikimedia.org/wikipedia/commons/thumb/6/6f/Flag_of_the_Central_African_Republic.svg/22px-Flag_of_the_Central_African_Republic.svg.png
지부티,아프리카,7,https://upload.wikimedia.org/wikipedia/commons/thumb/3/34/Flag_of_Djibouti.svg/22px-Flag_of_Djibouti.svg.png
짐바브웨,아프리카,7,https://upload.wikimedia.org/wikipedia/commons/thumb/6/6a/Flag_of_Zimbabwe.svg/22px-Flag_of_Zimbabwe.svg.png
차드,아프리카,3,https://upload.wikimedia.org/wikipedia/commons/thumb/4/4b/Flag_of_Chad.svg/22px-Flag_of_Chad.svg.png
차이니스 타이베이,아시아,60,https://upload.wikimedia.org/wikipedia/commons/thumb/1/14/Flag_of_Chinese_Taipei_for_Olympic_games.svg/22px-Flag_of_Chinese_Taipei_for_Olympic_games.svg.png
체코 공화국,유럽,112,https://upload.wikimedia.org/wikipedia/commons/thumb/c/cb/Flag_of_the_Czech_Republic.svg/22px-Flag_of_the_Czech_Republic.svg.png
칠레,남아메리카,48,https://upload.wikimedia.org/wikipedia/commons/thumb/7/78/Flag_of_Chile.svg/22px-Flag_of_Chile.svg.png
카메룬,아프리카,6,https://upload.wikimedia.org/wikipedia/commons/thumb/4/4f/Flag_of_Cameroon.svg/22px-Flag_of_Cameroon.svg.png
카보베르데,아프리카,7,https://upload.wikimedia.org/wikipedia/commons/thumb/3/38/Flag_of_Cape_Verde.svg/22px-Flag_of_Cape_Verde.svg.png
카자흐스탄,아시아,79,https://upload.wikimedia.org/wikipedia/commons/thumb/2/2e/Flag_of_Kazakhstan_%283-2%29.svg/22px-Flag_of_Kazakhstan_%283-2%29.svg.png
카타르,아시아,14,https://upload.wikimedia.org/wikipedia/commons/thumb/3/3e/Flag_of_Qatar_%283-2%29.svg/22px-Flag_of_Qatar_%283-2%29.svg.png
캄보디아,아시아,3,https://upload.wikimedia.org/wikipedia/commons/thumb/8/83/Flag_of_Cambodia.svg/22px-Flag_of_Cambodia.svg.png
캐나다,북아메리카,315,https://upload.wikimedia.org/wikipedia/commons/thumb/d/d9/Flag_of_Canada_%28Pantone%29.svg/22px-Flag_of_Canada_%28Pantone%29.svg.png
케냐,아프리카,72,https://upload.wikimedia.org/wikipedia/commons/thumb/4/49/Flag_of_Kenya.svg/22px-Flag_of_Kenya.svg.png
케이맨 제도,북아메리카,4,https://upload.wikimedia.org/wikipedia/commons/thumb/0/0f/Flag_of_the_Cayman_Islands.svg/22px-Flag_of_the_Cayman_Islands.svg.png
코모로,아프리카,4,https://upload.wikimedia.org/wikipedia/commons/thumb/9/94/Flag_of_the_Comoros.svg/22px-Flag_of_the_Comoros.svg.png
코소보,유럽,9,https://upload.wikimedia.org/wikipedia/commons/thumb/1/1f/Flag_of_Kosovo.svg/22px-Flag_of_Kosovo.svg.png
코스타리카,북아메리카,6,https://upload.wikimedia.org/wikipedia/commons/thumb/f/f2/Flag_of_Costa_Rica.svg/22px-Flag_of_Costa_Rica.svg.png
코트디부아르,아프리카,11,https://upload.wikimedia.org/wikipedia/commons/thumb/f/fe/Flag_of_C%C3%B4te_d%27Ivoire.svg/22px-Flag_of_C%C3%B4te_d%27Ivoire.svg.png
콜롬비아,남아메리카,87,https://upload.wikimedia.org/wikipedia/commons/thumb/2/21/Flag_of_Colombia.svg/22px-Flag_of_Colombia.svg.png
콩고 공화국,아프리카,4,https://upload.wikimedia.org/wikipedia/commons/thumb/9/92/Flag_of_the_Republic_of_the_Congo.svg/22px-Flag_of_the_Republic_of_the_Congo.svg.png
콩고 민주 공화국,아프리카,6,https://upload.wikimedia.org/wikipedia/commons/thumb/6/6f/Flag_of_the_Democratic_Republic_of_the_Congo.svg/22px-Flag_of_the_Democratic_Republic_of_the_Congo.svg.png
쿠바,북아메리카,61,https://upload.wikimedia.org/wikipedia/commons/thumb/5/58/Flag_of_Cuba_%283-2%29.svg/22px-Flag_of_Cuba_%283-2%29.svg.png
쿠웨이트,아시아,9,https://upload.wikimedia.org/wikipedia/commons/thumb/9/90/Flag_of_Kuwait_%283-2%29.svg/22px-Flag_of_Kuwait_%283-2%29.svg.png
쿡 제도,오세아니아,2,https://upload.wikimedia.org/wikipedia/commons/thumb/3/35/Flag_of_the_Cook_Islands.svg/22px-Flag_of_the_Cook_Islands.svg.png
크로아티아,유럽,73,https://upload.wikimedia.org/wikipedia/commons/thumb/d/d5/Civil_ensign_of_Croatia.svg/22px-Civil_ensign_of_Croatia.svg.png
키르기스스탄,아시아,16,https://upload.wikimedia.org/wikipedia/commons/thumb/c/c7/Flag_of_Kyrgyzstan.svg/22px-Flag_of_Kyrgyzstan.svg.png
키리바시,오세아니아,3,https://upload.wikimedia.org/wikipedia/commons/thumb/d/d3/Flag_of_Kiribati.svg/22px-Flag_of_Kiribati.svg.png
키프로스,유럽,16,https://upload.wikimedia.org/wikipedia/commons/thumb/d/d4/Flag_of_Cyprus.svg/22px-Flag_of_Cyprus.svg.png
타지키스탄,아시아,14,https://upload.wikimedia.org/wikipedia/commons/thumb/d/d0/Flag_of_Tajikistan.svg/22px-Flag_of_Tajikistan.svg.png
탄자니아,아프리카,7,https://upload.wikimedia.org/wikipedia/commons/thumb/3/38/Flag_of_Tanzania.svg/22px-Flag_of_Tanzania.svg.png
태국,아시아,51,https://upload.wikimedia.org/wikipedia/commons/thumb/a/a9/Flag_of_Thailand.svg/22px-Flag_of_Thailand.svg.png
토고,아프리카,5,https://upload.wikimedia.org/wikipedia/commons/thumb/6/68/Flag_of_Togo.svg/22px-Flag_of_Togo.svg.png
통가,오세아니아,4,https://upload.wikimedia.org/wikipedia/commons/thumb/9/9a/Flag_of_Tonga.svg/22px-Flag_of_Tonga.svg.png
투르크메니스탄,아시아,6,https://upload.wikimedia.org/wikipedia/commons/thumb/1/1b/Flag_of_Turkmenistan.svg/22px-Flag_of_Turkmenistan.svg.png
투발루,오세아니아,2,https://upload.wikimedia.org/wikipedia/commons/thumb/e/ea/Flag_of_Tuvalu_%283-2%29.svg/22px-Flag_of_Tuvalu_%283-2%29.svg.png
튀니지,아프리카,27,https://upload.wikimedia.org/wikipedia/commons/thumb/c/ce/Flag_of_Tunisia.svg/22px-Flag_of_Tunisia.svg.png
튀르키예,유럽,102,https://upload.wikimedia.org/wikipedia/commons/thumb/b/b4/Flag_of_Turkey.svg/22px-Flag_of_Turkey.svg.png
트리니다드토바고,북아메리카,18,https://upload.wikimedia.org/wikipedia/commons/thumb/6/64/Flag_of_Trinidad_and_Tobago.svg/22px-Flag_of_Trinidad_and_Tobago.svg.png
파나마,북아메리카,8,https://upload.wikimedia.org/wikipedia/commons/thumb/a/ab/Flag_of_Panama.svg/22px-Flag_of_Panama.svg.png
파라과이,남아메리카,28,https://upload.wikimedia.org/wikipedia/commons/thumb/2/27/Flag_of_Paraguay.svg/22px-Flag_of_Paraguay.svg.png
파키스탄,아시아,7,https://upload.wikimedia.org/wikipedia/commons/thumb/3/32/Flag_of_Pakistan.svg/22px-Flag_of_Pakistan.svg.png
파푸아뉴기니,오세아니아,7,https://upload.wikimedia.org/wikipedia/commons/thumb/e/e3/Flag_of_Papua_New_Guinea.svg/22px-Flag_of_Papua_New_Guinea.svg.png
팔라우,오세아니아,3,https://upload.wikimedia.org/wikipedia/commons/thumb/4/48/Flag_of_Palau.svg/22px-Flag_of_Palau.svg.png
팔레스타인,아시아,8,https://upload.wikimedia.org/wikipedia/commons/thumb/0/00/Flag_of_Palestine.svg/22px-Flag_of_Palestine.svg.png
페루,남아메리카,26,https://upload.wikimedia.org/wikipedia/commons/thumb/c/cf/Flag_of_Peru.svg/22px-Flag_of_Peru.svg.png
포르투갈,유럽,73,https://upload.wikimedia.org/wikipedia/commons/thumb/5/5c/Flag_of_Portugal.svg/22px-Flag_of_Portugal.svg.png
폴란드,유럽,211,https://upload.wikimedia.org/wikipedia/en/thumb/1/12/Flag_of_Poland.svg/22px-Flag_of_Poland.svg.png
푸에르토리코,북아메리카,51,https://upload.wikimedia.org/wikipedia/commons/thumb/2/28/Flag_of_Puerto_Rico.svg/22px-Flag_of_Puerto_Rico.svg.png
프랑스,유럽,573,https://upload.wikimedia.org/wikipedia/en/thumb/c/c3/Flag_of_France.svg/22px-Flag_of_France.svg.png
피지,오세아니아,33,https://upload.wikimedia.org/wikipedia/commons/thumb/b/ba/Flag_of_Fiji.svg/22px-Flag_of_Fiji.svg.png
핀란드,유럽,56,https://upload.wikimedia.org/wikipedia/commons/thumb/b/bc/Flag_of_Finland.svg/22px-Flag_of_Finland.svg.png
필리핀,아시아,22,https://upload.wikimedia.org/wikipedia/commons/thumb/9/99/Flag_of_the_Philippines.svg/22px-Flag_of_the_Philippines.svg.png
헝가리,유럽,170,https://upload.wikimedia.org/wikipedia/commons/thumb/c/c1/Flag_of_Hungary.svg/22px-Flag_of_Hungary.svg.png
홍콩,아시아,36,https://upload.wikimedia.org/wikipedia/commons/thumb/5/5b/Flag_of_Hong_Kong.svg/22px-Flag_of_Hong_Kong.svg.png
